20150501042823,acpi,1.7-1,d7a504b61c716ae5b7e81a0c67a50a51f06c7326f197b66a4b823de076a35005,cdd532f3d247ee6d79497392a2059c65fa4b3cc0393aa5423e175c22ba928108
20150501042823,acpid,1:2.0.23-2,72c7ba55085d3d96eeac24c5e61af3d432e36c5f399e96a61ba9c92d91ac66d9,56fcd7e0ef1ee669b24b6b036e222d6be87692b9470490b80bd9a4d40cbdef0f
20150501042823,geoip-database,20150413-1,d29acefc06de262c8f92a112ed841e98321c10b3324a9a1ccd0d1620fa5c4db5,55820f7c728a1ecbfc4eca56b660678e3dcf4be6497080272af963ea018258ff
20150501042823,grep,2.20-4.1,f0af452bc0d09464b6d089b6d56a0a3c16672e9ed9118fbe37b0b6aeaf069a65,1832b71d0c20073059cd7f102de454b5e7cef04cb852eae3e5d51f857a10f050
20150523034531,geoip-database,20150512-1,47ec40597514d740e2d5d2dbc19ee0f9f37556bec27783e6dfe7ab1e9b588f77,bae1df9bbbd6db56163dec6782f2761e816d3f7f0c011cbe2983627c28a497d3
20150627033913,geoip-database,20150616-1,15e619663ac324a1f8466d9f4b535e65e6e6a496644fb6784370664a5ace89f3,16a4d7be05ebf7972d4dd621d17fd7c4f8474f7cb02b8e5ee84f8cc0ca581c5e
20150713035433,grep,2.21-2,5244a11c00dee8e7e5e714b9aaa053ac6cbfa27e104abee20d3c778e4bb0e5de,bc8b7378d819fc73a58dd461b2cb8668d152d143fbf045561e3666182d426aba
20150716033512,geoip-database,20150710-1,bcaf77065294d9eb78e94292e622e4efbf98d2277c326886ab75b67691fa67c8,9c957edb6a0ba22229f1b113d4be2cb21bc33460cc0843512ccdfa72b9e3a185
20150816032425,geoip-database,20150810-1,3d6d9fb6121152deb40fdae2a1a7f77971cf453aabcb5b008972a365cb6ce8c6,e2f9d9a2b8f45165ff49d126449b4034de506b06dac96d124ab5e4b8b02d4b65
20150904034738,tar,1.28-1,6da98f52fc469754dbde475c861581036ff2c83a1ef4f7250292935139f587d9,c2978af542b346e2c3b804a8eb001260d0dce6cd113022694ebc9275945aeb07
20150907042834,acpid,1:2.0.25-1,0f08984fdf8b5e765216cbd033aa56d5356763471544cde67521fa949b96cec4,81d7e1078ab4a5f83185d209c4686ec0147138e6b72ab8e1d9ba2af57b49fa5d
20150917040025,geoip-database,20150911-1,b85371e55189c5f1a5c9419abe681913a2b0abbbcdc78dd945b63d29447ed925,fb9682b74e2eed88cb3df75c0d4676da860178dc101d305b784255976bd85a59
20151014034232,geoip-database,20151008-1,e8fe31e929a1c2608e9f3ee2b707bdc7e29e695fee7803c854ac1185db372111,e3ed49661e118caa6f41d0a5962964a406c80eb547afb9da15746c0074552d78
20151115033945,tar,1.28-2.1,6da98f52fc469754dbde475c861581036ff2c83a1ef4f7250292935139f587d9,417ea05bbe1a20d3b6b35e627e2834c75276de061734701843a6311a26cf999e
20151117035153,geoip-database,20151111-1,8350b4005c76aa36635917641012485c1a7e6f36d60f00c352978c4529d6be51,de1e81cd06225470d1e7c7c3369bf28f71be41309e78d73d79b40248082a0e82
20151120034348,grep,2.22-1,ca91d22f017bfcb503d4bc3b44295491c89a33a3df0c3d8b8614f2d3831836eb,1b0cb837977ed072c94d998560771f91e8c3306331d3d1f20363777ad3286cad
20151222040520,geoip-database,20151216-1,88986dafe78949aae92cfc2e9e69ab5531e9cf71fe39dc461e4f852a0c36faa5,fa58349f47fe4694f14c216a9e109a84a04bcd4a809fbbed702a2feedf0c169c
20160117040603,geoip-database,20160111-1,03884eef030bc2f9459c5a3c811d5ea05ed054c2328b524df1b979341466747f,32247ddd8516199f244052e64312c0ea132ac1c0d68f1062400be48841b729a0
20160215041912,acpid,1:2.0.26-1,8384f37e4f260f50183e2e20039823d8f06aed9db56924fe92097b7e0b2e0343,941be1b5609bd3207bf8331cda3f3821dbd93d9c7601bfdfd1e9b80dcb5489e5
20160216042857,geoip-database,20160210-1,9485b3dfc677f3940e48bacec139de3bd45fc206cdaa386d8de3f4690c1fdcc8,0766ed6e7a885c3662636d4dd2a2dfedc92f5c72c762508be649f571d59e80e7
20160323163609,geoip-database,20160317-1,bf087d21631a16b8592bc2ae4e71067c2b33292d59e683aeee44c6584ee784bb,caba7d32b0c4f3b63c8a2b7d3b943b5ce36ea0d11817397e07b96aa8f2ca3dc3
20160414040950,geoip-database,20160408-1,4c4f496123da74868f5f1e9445c5c962a90a9967b8944b984bfc60cdb413a546,790b9de4033d784091833526955cb0ddcd4b924926feab837d30d9e6cb5bb04d
20160419040948,grep,2.24-1,f248beb9098c5aab94d2fdd03b5a21d705e5ba8a3ce4d8c9f607a670498eec14,0649a69412fa5ae9b45033aaaa7a7c0d5c463b746dc26c96b0c4bc7cffd2f6dc
20160428035054,grep,2.25-1,e21e83bac50450e0d0d61a42c154ee0dceaacdbf4f604ef6e79071cb8e596830,cfecda2921423ebb006927bbc32e156c62e34ff9b78578bebf2f00b5f16a4917
20160508041352,tar,1.28-2.2,6da98f52fc469754dbde475c861581036ff2c83a1ef4f7250292935139f587d9,69a2e4aec05abc8dedabae961252f34e5efa5e967bd4fcbf4d19ed906f72b660
20160510041441,geoip-database,20160504-1,c62e7e939ef4e92aa0da465be282a50a5eb749daf30fc63c4387c6808ff928a8,e9236cb5bc7c502da5337b68d0c8b561978f2a7d329b819c756e6e27d019f24f
20160523045008,tar,1.29-1,bba591e8c46a320b164059e375fa167296aa011a57f06c745b59db95dc1e5387,81824ae71a4b6b703516ee20a60fa979cbaa3622cf350a547a36b883dd7cc3d0
20160607045511,grep,2.25-3,e21e83bac50450e0d0d61a42c154ee0dceaacdbf4f604ef6e79071cb8e596830,d2c2d6745e5bcf5bc0169ed4cdce45b915063b551d9d2589378899d05d445d74
20160619041340,geoip-database,20160613-1,518e5109c0367fdbb154bdaf77f15f60a7d75be3a11f3cc984f80856466c2b2a,18fe54ed6dd13bc7581a2999fd568020e6e602fbebc331a8bf2e9630c605a876
20160709042836,grep,2.25-6,e21e83bac50450e0d0d61a42c154ee0dceaacdbf4f604ef6e79071cb8e596830,49f293e50a419cd13b676a55471fa776acd39346749c6ce7dfbe28c1d1349703
20160713224131,geoip-database,20160709-1,25fcc420f7e6ef64c30371b5d98dbc13d322b0cf5a50f2b2a06e59252148bc65,9b1932aef96c8fc714812f8e037cd1aa0fc3623b1f7028d01f899ea6efa59e1b
20160728043443,tar,1.29b-1,6a59706ebee384a6cd2fb3ee1dbfbfc20c5c66c7efd7cedb28edc054fca8ba00,a0294ed399f437531783d0a36359f29c8c1812fb183eb991250ec5c5f38f7cff
20160818041832,geoip-database,20160812-1,1caf0cef782b3cb4238f1dd6f3a9c5e49d9c159451c9565a9fe4e4dc6fc65375,73541018d4a614194d5e9cba6638db3fa44a017eb5f3e3def25622e5b62456a2
