20150501042823,aptitude,0.6.11-1+b1,a82c001c79e38548a545334ec81d44c9
20150501042823,base-files,8,fe9230263449f678b281d0fc437a0b83
20150501042823,cron,3.0pl1-127,391ecd1d8314d3c34c2e4ad5003290d2
20150501042823,file,1:5.22+15-2,feb2206037fbe658b71c7dacb133a0cc
20150501042823,less,458-3,01800da43ae8af2147690f11ea533c98
20150501042823,sed,4.2.2-4+b1,3c105ea823aa1f71fa98cf5b57cb1cd6
20150502035932,sed,4.2.2-5,2110c3e03c6134563161efba62d629d4
20150506040254,base-files,9,1336f14568a46a1c03e9803bd7131622
20150519034038,cron,3.0pl1-128,00d5dc0f27c7f3b18077368a1b4cca0b
20150523034531,base-files,9.2,aa75451801ef0943629e7d17b831e3b1
20150531041717,sed,4.2.2-6,30696a1dd12218dfa0e14727a1abb3a5
20150721035815,sed,4.2.2-6.1,54a1d0f4153a1ad9860b79a03b43a604
20150824033458,base-files,9.4,9f63938cb3eed3832c2cd230ddd667fc
20150911034216,aptitude,0.7.1-1,d7b10a21a12fe7a2a52f8a205d9c56fb
20150919033125,file,1:5.24-2,4f4da7f8247a1371b0019a58b2931d98
20150925032917,aptitude,0.7.2-1,8bf8badf4e1235efe9616fc72109ffd3
20150928033547,file,1:5.25-2,280cf89623c422e34fe2389e33ef53d8
20151103035517,base-files,9.5,f8622390b3cc93b062c07e31423205ac
20151120154139,aptitude,0.7.4-1,53572c393fc5e50eddb2e4eb56fa785e
20151201040328,less,458-3+b1,c8a4d78eb80146a2b7a3eb1da6cd4d11
20151206035626,aptitude,0.7.4-2,e1117a4e5376ee965579b87f3c62850f
20151230035001,aptitude,0.7.5-3,c9203ced1d5381822678304b16b4c58f
20160117040603,less,481-2,ee8b33cc7b305e5ff4e0e5aa62544b2f
20160217043544,sed,4.2.2-7,5da72d3fbfd0b172d577bc9e5e2e5a26
20160305044017,less,481-2.1,e60c8e385d5ec431eb4e4b9bc731a9f4
20160315035914,base-files,9.6,4f761f5d60eb0a3e3f9c999cf5b729ba
20160317041139,sed,4.2.2-7.1,901cabea493ac64c887f381fb7e80dea
20160702045059,file,1:5.28-2,aef067ee057c0dff51782f8155056fc2
20160803042823,file,1:5.28-4,3eab148c25b5e91b8840b09fcc030e0e
20160814044010,aptitude,0.8.3-1,31b32fb83635c49cb7da89f37d4406e5
20160906042603,sed,4.2.2-8,6cc709481b717f15ff13785769856783
